id;title;content;date
1;house out tambourine;../fake-data/blob/hipster.txt;2024-05-31T08:58:48
2;plus broadside;../fake-data/blob/hipster.txt;2024-05-31T07:41:10
3;hence aid unlike;../fake-data/blob/hipster.txt;2024-05-30T12:56:23
4;likewise doc rarely;../fake-data/blob/hipster.txt;2024-05-30T19:34:35
5;restfully deep;../fake-data/blob/hipster.txt;2024-05-31T03:21:15
6;consistency seldom;../fake-data/blob/hipster.txt;2024-05-30T20:53:14
7;whether;../fake-data/blob/hipster.txt;2024-05-31T09:21:25
8;businessman pride;../fake-data/blob/hipster.txt;2024-05-31T08:08:28
9;alter hosepipe although;../fake-data/blob/hipster.txt;2024-05-30T13:01:58
10;rankle baffle;../fake-data/blob/hipster.txt;2024-05-31T03:27:18
